cluster_1,cluster_2,similarity,delta_cluster_ef_sample,score
2.0,6.0,1.0,0.5,0.887
2.0,5.0,0.833,0.5,0.739
2.0,83.0,0.75,0.5,0.665
1.0,2.0,0.75,0.5,0.665
3.0,6.0,0.688,0.5,0.61
2.0,4.0,0.583,0.5,0.518
2.0,82.0,0.583,0.5,0.518
30.0,2.0,0.583,0.5,0.518
2.0,34.0,0.583,0.5,0.518
84.0,5.0,0.667,0.333,0.511
82.0,84.0,0.667,0.333,0.511
4.0,84.0,0.667,0.333,0.511
3.0,5.0,0.521,0.5,0.462
1.0,84.0,0.583,0.333,0.447
2.0,93.0,0.5,0.5,0.444
0.0,2.0,0.5,0.5,0.444
79.0,2.0,0.5,0.488,0.441
0.0,69.0,0.604,0.3,0.441
100.0,2.0,0.5,0.476,0.437
5.0,68.0,0.75,0.2,0.437
29.0,6.0,0.5,0.476,0.437
31.0,5.0,0.5,0.471,0.436
31.0,34.0,0.5,0.471,0.436
30.0,31.0,0.5,0.471,0.436
27.0,2.0,0.5,0.468,0.435
2.0,68.0,0.583,0.3,0.426
65.0,2.0,0.5,0.433,0.425
31.0,39.0,0.542,0.346,0.422
5.0,69.0,0.562,0.3,0.411
28.0,39.0,0.5,0.375,0.403
39.0,40.0,0.604,0.25,0.401
2.0,33.0,0.458,0.455,0.395
31.0,36.0,0.75,0.171,0.394
3.0,83.0,0.437,0.5,0.388
1.0,3.0,0.438,0.5,0.388
1.0,68.0,0.667,0.2,0.388
94.0,7.0,0.75,0.167,0.388
84.0,6.0,0.5,0.333,0.383
84.0,83.0,0.5,0.333,0.383
3.0,68.0,0.521,0.3,0.38
65.0,3.0,0.437,0.433,0.371
30.0,36.0,0.5,0.3,0.365
4.0,85.0,0.5,0.3,0.365
82.0,85.0,0.5,0.3,0.365
69.0,34.0,0.5,0.3,0.365
30.0,69.0,0.5,0.3,0.365
36.0,34.0,0.5,0.3,0.365
85.0,5.0,0.5,0.3,0.365
5.0,36.0,0.5,0.3,0.365
31.0,0.0,0.417,0.471,0.363
31.0,1.0,0.417,0.471,0.363
27.0,31.0,0.417,0.439,0.355
5.0,40.0,0.437,0.375,0.352
30.0,40.0,0.437,0.375,0.352
34.0,40.0,0.437,0.375,0.352
1.0,69.0,0.479,0.3,0.35
31.0,68.0,0.5,0.271,0.347
3.0,86.0,0.521,0.25,0.346
65.0,31.0,0.417,0.404,0.345
68.0,6.0,0.583,0.2,0.34
3.0,36.0,0.583,0.2,0.34
33.0,40.0,0.437,0.33,0.334
28.0,6.0,0.375,0.5,0.333
5.0,86.0,0.5,0.25,0.332
82.0,86.0,0.5,0.25,0.332
4.0,86.0,0.5,0.25,0.332
93.0,84.0,0.417,0.333,0.319
84.0,35.0,0.417,0.333,0.319
84.0,34.0,0.417,0.333,0.319
30.0,84.0,0.417,0.333,0.319
69.0,70.0,0.437,0.3,0.319
31.0,33.0,0.375,0.425,0.316
79.0,84.0,0.417,0.321,0.314
29.0,36.0,0.583,0.176,0.312
31.0,86.0,0.5,0.221,0.309
65.0,69.0,0.479,0.233,0.306
0.0,36.0,0.417,0.3,0.304
1.0,36.0,0.417,0.3,0.304
1.0,85.0,0.417,0.3,0.304
3.0,85.0,0.521,0.2,0.303
3.0,39.0,0.375,0.375,0.302
33.0,84.0,0.417,0.288,0.298
2.0,35.0,0.333,0.5,0.296
30.0,3.0,0.333,0.5,0.296
61.0,6.0,0.333,0.5,0.296
61.0,83.0,0.333,0.5,0.296
3.0,34.0,0.333,0.5,0.296
29.0,39.0,0.375,0.351,0.294
65.0,68.0,0.667,0.133,0.294
29.0,34.0,0.333,0.476,0.292
29.0,5.0,0.333,0.476,0.292
29.0,30.0,0.333,0.476,0.292
34.0,68.0,0.5,0.2,0.291
4.0,68.0,0.5,0.2,0.291
31.0,6.0,0.333,0.471,0.291
30.0,68.0,0.5,0.2,0.291
82.0,68.0,0.5,0.2,0.291
36.0,39.0,0.542,0.175,0.289
67.0,84.0,0.417,0.271,0.289
69.0,6.0,0.396,0.3,0.289
28.0,33.0,0.333,0.455,0.287
27.0,69.0,0.417,0.268,0.287
65.0,84.0,0.417,0.267,0.287
27.0,36.0,0.417,0.268,0.287
0.0,40.0,0.354,0.375,0.285
1.0,40.0,0.354,0.375,0.285
1.0,86.0,0.417,0.25,0.277
0.0,3.0,0.312,0.5,0.277
27.0,40.0,0.354,0.343,0.275
66.0,84.0,0.354,0.333,0.271
67.0,85.0,0.417,0.238,0.269
3.0,69.0,0.458,0.2,0.267
28.0,36.0,0.458,0.2,0.267
65.0,36.0,0.417,0.233,0.266
65.0,85.0,0.417,0.233,0.266
31.0,85.0,0.5,0.171,0.263
31.0,69.0,0.5,0.171,0.263
65.0,40.0,0.354,0.308,0.262
66.0,85.0,0.354,0.3,0.259
99.0,69.0,0.354,0.3,0.259
69.0,7.0,0.354,0.3,0.259
4.0,94.0,0.5,0.167,0.258
93.0,94.0,0.5,0.167,0.258
0.0,94.0,0.5,0.167,0.258
94.0,35.0,0.5,0.167,0.258
94.0,70.0,0.5,0.167,0.258
2.0,84.0,0.5,0.167,0.258
0.0,84.0,0.333,0.333,0.256
84.0,7.0,0.333,0.333,0.256
70.0,40.0,0.312,0.375,0.252
35.0,40.0,0.312,0.375,0.252
4.0,40.0,0.312,0.375,0.252
33.0,36.0,0.375,0.255,0.252
33.0,69.0,0.375,0.255,0.252
60.0,84.0,0.333,0.312,0.248
59.0,84.0,0.333,0.312,0.248
27.0,84.0,0.333,0.301,0.244
81.0,69.0,0.354,0.267,0.244
81.0,84.0,0.333,0.301,0.244
85.0,6.0,0.333,0.3,0.243
0.0,68.0,0.417,0.2,0.243
36.0,6.0,0.333,0.3,0.243
83.0,85.0,0.333,0.3,0.243
3.0,4.0,0.271,0.5,0.24
3.0,82.0,0.271,0.5,0.24
32.0,84.0,0.333,0.288,0.238
31.0,40.0,0.688,0.096,0.235
66.0,86.0,0.354,0.25,0.235
68.0,40.0,0.438,0.175,0.234
29.0,68.0,0.333,0.276,0.233
67.0,86.0,0.417,0.188,0.233
2.0,69.0,0.396,0.2,0.23
65.0,86.0,0.417,0.183,0.229
82.0,69.0,0.312,0.3,0.228
4.0,69.0,0.312,0.3,0.228
85.0,39.0,0.417,0.175,0.223
28.0,83.0,0.25,0.5,0.222
2.0,7.0,0.25,0.5,0.222
66.0,3.0,0.25,0.5,0.222
28.0,86.0,0.333,0.25,0.221
2.0,86.0,0.333,0.25,0.221
6.0,86.0,0.333,0.25,0.221
84.0,68.0,0.5,0.133,0.221
81.0,94.0,0.5,0.134,0.221
83.0,86.0,0.333,0.25,0.221
28.0,40.0,0.521,0.125,0.219
3.0,40.0,0.521,0.125,0.219
60.0,2.0,0.25,0.478,0.219
29.0,83.0,0.25,0.476,0.219
29.0,1.0,0.25,0.476,0.219
29.0,0.0,0.25,0.476,0.219
100.0,3.0,0.25,0.476,0.219
59.0,2.0,0.25,0.478,0.219
31.0,70.0,0.25,0.471,0.218
27.0,3.0,0.25,0.468,0.218
31.0,35.0,0.25,0.471,0.218
31.0,4.0,0.25,0.471,0.218
31.0,82.0,0.25,0.471,0.218
6.0,40.0,0.271,0.375,0.218
27.0,68.0,0.417,0.168,0.217
81.0,2.0,0.25,0.467,0.217
2.0,32.0,0.25,0.455,0.216
100.0,29.0,0.25,0.451,0.215
100.0,31.0,0.25,0.446,0.214
27.0,29.0,0.25,0.444,0.214
2.0,67.0,0.25,0.438,0.213
66.0,69.0,0.292,0.3,0.213
86.0,40.0,0.5,0.125,0.21
29.0,86.0,0.333,0.226,0.209
29.0,65.0,0.25,0.409,0.208
66.0,68.0,0.354,0.2,0.206
32.0,94.0,0.5,0.121,0.205
82.0,40.0,0.25,0.375,0.201
69.0,68.0,0.562,0.1,0.199
2.0,85.0,0.333,0.2,0.194
28.0,85.0,0.333,0.2,0.194
2.0,36.0,0.333,0.2,0.194
83.0,68.0,0.333,0.2,0.194
84.0,70.0,0.25,0.333,0.192
36.0,40.0,0.688,0.075,0.192
2.0,94.0,0.25,0.333,0.192
65.0,1.0,0.75,0.067,0.189
67.0,68.0,0.417,0.137,0.188
28.0,30.0,0.208,0.5,0.185
66.0,40.0,0.229,0.375,0.185
7.0,40.0,0.229,0.375,0.185
29.0,40.0,0.521,0.101,0.185
28.0,70.0,0.208,0.5,0.185
28.0,34.0,0.208,0.5,0.185
28.0,35.0,0.208,0.5,0.185
28.0,5.0,0.208,0.5,0.185
28.0,4.0,0.208,0.5,0.185
33.0,68.0,0.375,0.155,0.184
3.0,84.0,0.354,0.167,0.183
30.0,85.0,0.25,0.3,0.182
4.0,36.0,0.25,0.3,0.182
85.0,34.0,0.25,0.3,0.182
36.0,35.0,0.25,0.3,0.182
82.0,36.0,0.25,0.3,0.182
93.0,85.0,0.25,0.3,0.182
85.0,70.0,0.25,0.3,0.182
69.0,35.0,0.25,0.3,0.182
36.0,70.0,0.25,0.3,0.182
85.0,35.0,0.25,0.3,0.182
33.0,3.0,0.208,0.455,0.18
79.0,85.0,0.25,0.288,0.179
84.0,86.0,0.583,0.083,0.178
29.0,85.0,0.333,0.176,0.178
29.0,69.0,0.333,0.176,0.178
85.0,68.0,0.5,0.1,0.177
36.0,68.0,0.5,0.1,0.177
29.0,33.0,0.208,0.43,0.176
100.0,36.0,0.25,0.276,0.175
100.0,69.0,0.25,0.276,0.175
39.0,86.0,0.417,0.125,0.175
32.0,40.0,0.229,0.33,0.175
67.0,40.0,0.229,0.312,0.171
33.0,85.0,0.25,0.255,0.168
65.0,5.0,0.667,0.067,0.168
35.0,86.0,0.25,0.25,0.166
34.0,86.0,0.25,0.25,0.166
93.0,86.0,0.25,0.25,0.166
93.0,3.0,0.188,0.5,0.166
61.0,86.0,0.25,0.25,0.166
86.0,70.0,0.25,0.25,0.166
66.0,2.0,0.188,0.5,0.166
30.0,86.0,0.25,0.25,0.166
79.0,3.0,0.188,0.488,0.165
66.0,67.0,0.688,0.062,0.164
66.0,94.0,0.312,0.167,0.162
79.0,86.0,0.25,0.238,0.161
3.0,67.0,0.188,0.438,0.16
4.0,67.0,0.667,0.062,0.159
1.0,39.0,0.375,0.125,0.158
0.0,39.0,0.375,0.125,0.158
7.0,39.0,0.375,0.125,0.158
66.0,39.0,0.375,0.125,0.158
69.0,39.0,0.292,0.175,0.156
33.0,94.0,0.375,0.121,0.154
28.0,68.0,0.208,0.3,0.152
31.0,84.0,0.333,0.137,0.15
84.0,39.0,0.25,0.208,0.149
33.0,86.0,0.25,0.205,0.148
61.0,4.0,0.167,0.5,0.148
61.0,82.0,0.167,0.5,0.148
61.0,5.0,0.167,0.5,0.148
67.0,69.0,0.229,0.238,0.148
61.0,30.0,0.167,0.5,0.148
61.0,35.0,0.167,0.5,0.148
61.0,34.0,0.167,0.5,0.148
85.0,86.0,0.75,0.05,0.147
100.0,40.0,0.188,0.351,0.147
61.0,36.0,0.25,0.2,0.146
93.0,68.0,0.25,0.2,0.146
61.0,85.0,0.25,0.2,0.146
68.0,70.0,0.25,0.2,0.146
35.0,68.0,0.25,0.2,0.146
31.0,66.0,0.167,0.471,0.145
31.0,7.0,0.167,0.471,0.145
99.0,31.0,0.167,0.471,0.145
61.0,33.0,0.167,0.455,0.144
59.0,31.0,0.167,0.449,0.143
60.0,31.0,0.167,0.449,0.143
81.0,31.0,0.167,0.438,0.142
31.0,32.0,0.167,0.425,0.141
85.0,40.0,0.5,0.075,0.14
79.0,68.0,0.25,0.188,0.14
31.0,67.0,0.167,0.408,0.139
32.0,7.0,0.75,0.045,0.135
99.0,40.0,0.167,0.375,0.134
100.0,68.0,0.25,0.176,0.134
61.0,39.0,0.167,0.375,0.134
59.0,40.0,0.167,0.353,0.131
60.0,40.0,0.167,0.353,0.131
3.0,70.0,0.146,0.5,0.129
83.0,94.0,0.25,0.167,0.129
82.0,94.0,0.25,0.167,0.129
1.0,94.0,0.25,0.167,0.129
94.0,5.0,0.25,0.167,0.129
99.0,94.0,0.25,0.167,0.129
94.0,6.0,0.25,0.167,0.129
94.0,34.0,0.25,0.167,0.129
30.0,94.0,0.25,0.167,0.129
81.0,40.0,0.167,0.342,0.129
61.0,84.0,0.25,0.167,0.129
99.0,84.0,0.167,0.333,0.128
65.0,6.0,0.5,0.067,0.126
65.0,0.0,0.5,0.067,0.126
27.0,39.0,0.375,0.093,0.125
35.0,39.0,0.292,0.125,0.123
79.0,94.0,0.25,0.154,0.123
34.0,39.0,0.292,0.125,0.123
30.0,39.0,0.292,0.125,0.123
5.0,39.0,0.292,0.125,0.123
100.0,84.0,0.167,0.309,0.123
39.0,70.0,0.292,0.125,0.123
4.0,39.0,0.292,0.125,0.123
36.0,7.0,0.167,0.3,0.122
99.0,85.0,0.167,0.3,0.122
99.0,36.0,0.167,0.3,0.122
66.0,36.0,0.167,0.3,0.122
0.0,85.0,0.167,0.3,0.122
85.0,7.0,0.167,0.3,0.122
69.0,40.0,0.438,0.075,0.122
33.0,39.0,0.417,0.08,0.122
28.0,69.0,0.208,0.2,0.121
32.0,35.0,0.667,0.045,0.12
32.0,4.0,0.667,0.045,0.12
93.0,67.0,0.5,0.062,0.119
1.0,67.0,0.5,0.062,0.119
67.0,7.0,0.5,0.062,0.119
60.0,94.0,0.25,0.145,0.117
60.0,85.0,0.167,0.278,0.117
59.0,36.0,0.167,0.278,0.117
59.0,94.0,0.25,0.145,0.117
60.0,36.0,0.167,0.278,0.117
60.0,69.0,0.167,0.278,0.117
59.0,85.0,0.167,0.278,0.117
59.0,69.0,0.167,0.278,0.117
100.0,94.0,0.25,0.142,0.116
81.0,36.0,0.167,0.267,0.115
27.0,85.0,0.167,0.268,0.115
81.0,85.0,0.167,0.267,0.115
2.0,40.0,0.271,0.125,0.114
33.0,5.0,0.625,0.045,0.112
32.0,36.0,0.167,0.255,0.112
33.0,35.0,0.625,0.045,0.112
32.0,85.0,0.167,0.255,0.112
30.0,33.0,0.625,0.045,0.112
33.0,34.0,0.625,0.045,0.112
32.0,69.0,0.167,0.255,0.112
33.0,4.0,0.625,0.045,0.112
27.0,94.0,0.25,0.135,0.111
28.0,66.0,0.125,0.5,0.111
99.0,86.0,0.167,0.25,0.111
28.0,93.0,0.125,0.5,0.111
28.0,1.0,0.125,0.5,0.111
0.0,86.0,0.167,0.25,0.111
7.0,86.0,0.167,0.25,0.111
28.0,7.0,0.125,0.5,0.111
28.0,0.0,0.125,0.5,0.111
65.0,66.0,0.437,0.067,0.11
32.0,39.0,0.375,0.08,0.11
28.0,100.0,0.125,0.476,0.109
27.0,28.0,0.125,0.468,0.109
28.0,32.0,0.125,0.455,0.108
67.0,36.0,0.167,0.238,0.108
28.0,65.0,0.125,0.433,0.106
28.0,67.0,0.125,0.438,0.106
83.0,69.0,0.146,0.3,0.106
61.0,40.0,0.25,0.125,0.105
65.0,82.0,0.417,0.067,0.105
99.0,39.0,0.25,0.125,0.105
30.0,65.0,0.417,0.067,0.105
65.0,4.0,0.417,0.067,0.105
60.0,86.0,0.167,0.228,0.105
59.0,86.0,0.167,0.228,0.105
65.0,34.0,0.417,0.067,0.105
27.0,86.0,0.167,0.218,0.102
81.0,86.0,0.167,0.217,0.102
2.0,39.0,0.125,0.375,0.101
67.0,70.0,0.417,0.062,0.099
67.0,35.0,0.417,0.062,0.099
81.0,7.0,0.75,0.033,0.099
81.0,0.0,0.75,0.033,0.099
67.0,5.0,0.417,0.062,0.099
82.0,67.0,0.417,0.062,0.099
68.0,86.0,0.5,0.05,0.098
27.0,0.0,0.75,0.032,0.098
27.0,1.0,0.75,0.032,0.098
36.0,86.0,0.5,0.05,0.098
32.0,86.0,0.167,0.205,0.098
68.0,7.0,0.167,0.2,0.097
99.0,68.0,0.167,0.2,0.097
1.0,33.0,0.542,0.045,0.097
33.0,7.0,0.542,0.045,0.097
0.0,33.0,0.542,0.045,0.097
28.0,94.0,0.125,0.333,0.096
59.0,39.0,0.25,0.103,0.091
60.0,39.0,0.25,0.103,0.091
67.0,94.0,0.25,0.104,0.091
66.0,32.0,0.5,0.045,0.09
60.0,68.0,0.167,0.178,0.09
0.0,32.0,0.5,0.045,0.09
67.0,39.0,0.375,0.062,0.09
1.0,32.0,0.5,0.045,0.09
33.0,82.0,0.5,0.045,0.09
32.0,93.0,0.5,0.045,0.09
59.0,68.0,0.167,0.178,0.09
27.0,30.0,0.667,0.032,0.087
27.0,34.0,0.667,0.032,0.087
27.0,5.0,0.667,0.032,0.087
81.0,68.0,0.167,0.167,0.086
84.0,94.0,0.167,0.167,0.086
28.0,84.0,0.167,0.167,0.086
65.0,39.0,0.375,0.058,0.084
94.0,69.0,0.188,0.133,0.083
81.0,39.0,0.25,0.092,0.083
32.0,68.0,0.167,0.155,0.082
33.0,6.0,0.458,0.045,0.082
68.0,39.0,0.292,0.075,0.081
84.0,85.0,0.583,0.033,0.079
29.0,84.0,0.167,0.142,0.077
29.0,3.0,0.75,0.024,0.076
30.0,32.0,0.417,0.045,0.075
32.0,34.0,0.417,0.045,0.075
32.0,82.0,0.417,0.045,0.075
32.0,70.0,0.417,0.045,0.075
32.0,5.0,0.417,0.045,0.075
61.0,93.0,0.083,0.5,0.074
61.0,7.0,0.083,0.5,0.074
61.0,70.0,0.083,0.5,0.074
2.0,70.0,0.083,0.5,0.074
3.0,35.0,0.083,0.5,0.074
28.0,82.0,0.083,0.5,0.074
61.0,0.0,0.083,0.5,0.074
61.0,1.0,0.083,0.5,0.074
29.0,82.0,0.083,0.476,0.073
29.0,35.0,0.083,0.476,0.073
31.0,83.0,0.083,0.471,0.073
29.0,4.0,0.083,0.476,0.073
61.0,79.0,0.083,0.488,0.073
27.0,61.0,0.083,0.468,0.073
29.0,70.0,0.083,0.476,0.073
59.0,61.0,0.083,0.478,0.073
61.0,100.0,0.083,0.476,0.073
60.0,61.0,0.083,0.478,0.073
61.0,32.0,0.083,0.455,0.072
81.0,61.0,0.083,0.467,0.072
27.0,65.0,0.5,0.035,0.07
82.0,39.0,0.167,0.125,0.07
31.0,3.0,0.583,0.029,0.07
33.0,70.0,0.375,0.045,0.067
33.0,93.0,0.375,0.045,0.067
83.0,40.0,0.083,0.375,0.067
81.0,99.0,0.5,0.033,0.066
81.0,1.0,0.5,0.033,0.066
27.0,7.0,0.5,0.032,0.065
27.0,6.0,0.5,0.032,0.065
61.0,94.0,0.083,0.333,0.064
65.0,7.0,0.25,0.067,0.063
65.0,83.0,0.25,0.067,0.063
65.0,93.0,0.25,0.067,0.063
99.0,65.0,0.25,0.067,0.063
28.0,29.0,0.625,0.024,0.063
61.0,68.0,0.083,0.3,0.061
69.0,86.0,0.312,0.05,0.061
83.0,36.0,0.083,0.3,0.061
0.0,67.0,0.25,0.062,0.06
33.0,83.0,0.333,0.045,0.06
99.0,67.0,0.25,0.062,0.06
67.0,83.0,0.25,0.062,0.06
67.0,6.0,0.25,0.062,0.06
81.0,34.0,0.417,0.033,0.055
81.0,30.0,0.417,0.033,0.055
99.0,3.0,0.062,0.5,0.055
81.0,35.0,0.417,0.033,0.055
81.0,70.0,0.417,0.033,0.055
3.0,7.0,0.062,0.5,0.055
81.0,5.0,0.417,0.033,0.055
84.0,40.0,0.333,0.042,0.055
81.0,82.0,0.417,0.033,0.055
81.0,4.0,0.417,0.033,0.055
28.0,31.0,0.458,0.029,0.055
27.0,35.0,0.417,0.032,0.054
27.0,82.0,0.417,0.032,0.054
27.0,4.0,0.417,0.032,0.054
81.0,3.0,0.063,0.467,0.054
6.0,39.0,0.125,0.125,0.053
93.0,39.0,0.125,0.125,0.053
79.0,65.0,0.25,0.054,0.053
66.0,33.0,0.292,0.045,0.052
100.0,0.0,0.5,0.024,0.05
93.0,40.0,0.062,0.375,0.05
100.0,34.0,0.5,0.024,0.05
100.0,6.0,0.5,0.024,0.05
100.0,30.0,0.5,0.024,0.05
29.0,2.0,0.5,0.024,0.05
100.0,1.0,0.5,0.024,0.05
100.0,5.0,0.5,0.024,0.05
61.0,69.0,0.083,0.2,0.049
59.0,32.0,0.5,0.024,0.049
60.0,32.0,0.5,0.024,0.049
79.0,67.0,0.25,0.05,0.049
3.0,94.0,0.063,0.333,0.048
93.0,69.0,0.062,0.3,0.046
60.0,7.0,0.5,0.022,0.045
60.0,65.0,0.25,0.045,0.045
32.0,83.0,0.25,0.045,0.045
99.0,32.0,0.25,0.045,0.045
59.0,0.0,0.5,0.022,0.045
32.0,6.0,0.25,0.045,0.045
60.0,1.0,0.5,0.022,0.045
59.0,7.0,0.5,0.022,0.045
59.0,65.0,0.25,0.045,0.045
60.0,0.0,0.5,0.022,0.045
59.0,1.0,0.5,0.022,0.045
79.0,69.0,0.062,0.288,0.045
84.0,36.0,0.333,0.033,0.045
100.0,39.0,0.125,0.101,0.044
84.0,69.0,0.312,0.033,0.042
61.0,29.0,0.417,0.024,0.042
100.0,65.0,0.25,0.042,0.042
65.0,35.0,0.167,0.067,0.042
65.0,70.0,0.167,0.067,0.042
60.0,67.0,0.25,0.041,0.041
59.0,67.0,0.25,0.041,0.041
81.0,66.0,0.312,0.033,0.041
59.0,33.0,0.417,0.024,0.041
60.0,33.0,0.417,0.024,0.041
67.0,34.0,0.167,0.062,0.04
31.0,2.0,0.333,0.029,0.04
30.0,67.0,0.167,0.062,0.04
60.0,4.0,0.417,0.022,0.038
60.0,34.0,0.417,0.022,0.038
59.0,30.0,0.417,0.022,0.038
59.0,5.0,0.417,0.022,0.038
59.0,34.0,0.417,0.022,0.038
60.0,35.0,0.417,0.022,0.038
60.0,5.0,0.417,0.022,0.038
59.0,35.0,0.417,0.022,0.038
60.0,30.0,0.417,0.022,0.038
59.0,82.0,0.417,0.022,0.038
59.0,4.0,0.417,0.022,0.038
60.0,82.0,0.417,0.022,0.038
94.0,40.0,0.062,0.208,0.037
32.0,67.0,0.5,0.017,0.036
81.0,65.0,0.25,0.034,0.035
79.0,32.0,0.25,0.033,0.034
79.0,33.0,0.25,0.033,0.034
27.0,83.0,0.25,0.032,0.033
27.0,99.0,0.25,0.032,0.033
27.0,93.0,0.25,0.032,0.033
81.0,6.0,0.25,0.033,0.033
100.0,33.0,0.375,0.021,0.033
81.0,93.0,0.25,0.033,0.033
27.0,66.0,0.25,0.032,0.033
81.0,83.0,0.25,0.033,0.033
27.0,33.0,0.542,0.014,0.031
27.0,67.0,0.25,0.031,0.031
81.0,67.0,0.25,0.03,0.031
61.0,31.0,0.25,0.029,0.03
99.0,33.0,0.167,0.045,0.03
27.0,32.0,0.5,0.014,0.029
81.0,32.0,0.5,0.013,0.027
79.0,83.0,0.5,0.012,0.026
79.0,1.0,0.5,0.012,0.026
79.0,5.0,0.5,0.012,0.026
65.0,33.0,0.292,0.021,0.026
79.0,82.0,0.5,0.012,0.026
79.0,6.0,0.5,0.012,0.026
79.0,4.0,0.5,0.012,0.026
79.0,93.0,0.5,0.012,0.026
100.0,93.0,0.25,0.024,0.025
100.0,4.0,0.25,0.024,0.025
100.0,82.0,0.25,0.024,0.025
100.0,83.0,0.25,0.024,0.025
100.0,35.0,0.25,0.024,0.025
100.0,7.0,0.25,0.024,0.025
60.0,83.0,0.25,0.022,0.023
59.0,66.0,0.25,0.022,0.023
59.0,99.0,0.25,0.022,0.023
81.0,33.0,0.417,0.013,0.023
60.0,66.0,0.25,0.022,0.023
59.0,93.0,0.25,0.022,0.023
60.0,93.0,0.25,0.022,0.023
59.0,6.0,0.25,0.022,0.023
81.0,60.0,0.5,0.011,0.023
60.0,6.0,0.25,0.022,0.023
81.0,59.0,0.5,0.011,0.023
59.0,83.0,0.25,0.022,0.023
60.0,99.0,0.25,0.022,0.023
100.0,32.0,0.25,0.021,0.022
27.0,70.0,0.167,0.032,0.022
27.0,60.0,0.5,0.01,0.022
27.0,59.0,0.5,0.01,0.022
65.0,32.0,0.25,0.021,0.022
33.0,67.0,0.292,0.017,0.021
81.0,79.0,0.25,0.02,0.021
94.0,39.0,0.125,0.042,0.021
27.0,79.0,0.25,0.02,0.021
27.0,100.0,0.5,0.008,0.016
59.0,70.0,0.167,0.022,0.015
60.0,70.0,0.167,0.022,0.015
79.0,35.0,0.25,0.012,0.013
79.0,34.0,0.25,0.012,0.013
79.0,7.0,0.25,0.012,0.013
79.0,30.0,0.25,0.012,0.013
29.0,31.0,0.583,0.005,0.013
79.0,0.0,0.25,0.012,0.013
79.0,100.0,0.25,0.012,0.013
79.0,66.0,0.188,0.012,0.01
59.0,79.0,0.25,0.01,0.01
60.0,79.0,0.25,0.01,0.01
65.0,67.0,0.5,0.004,0.009
81.0,100.0,0.25,0.008,0.009
59.0,100.0,0.25,0.003,0.003
60.0,100.0,0.25,0.003,0.003
27.0,81.0,0.5,0.001,0.002
4.0,34.0,0.5,0.0,0.0
28.0,2.0,0.375,0.0,0.0
99.0,35.0,0.167,0.0,0.0
5.0,70.0,0.25,0.0,0.0
61.0,67.0,0.0,0.438,0.0
69.0,36.0,0.5,0.0,0.0
99.0,5.0,0.167,0.0,0.0
99.0,83.0,0.0,0.0,0.0
99.0,82.0,0.167,0.0,0.0
99.0,4.0,0.167,0.0,0.0
99.0,93.0,0.0,0.0,0.0
99.0,2.0,0.0,0.5,0.0
99.0,66.0,0.312,0.0,0.0
99.0,1.0,0.25,0.0,0.0
99.0,0.0,0.5,0.0,0.0
30.0,70.0,0.25,0.0,0.0
30.0,7.0,0.417,0.0,0.0
30.0,6.0,0.583,0.0,0.0
30.0,34.0,0.75,0.0,0.0
99.0,34.0,0.167,0.0,0.0
5.0,7.0,0.417,0.0,0.0
5.0,6.0,0.833,0.0,0.0
61.0,66.0,0.0,0.5,0.0
31.0,94.0,0.0,0.304,0.0
85.0,69.0,0.312,0.0,0.0
85.0,36.0,0.5,0.0,0.0
81.0,29.0,0.0,0.443,0.0
31.0,93.0,0.0,0.471,0.0
61.0,99.0,0.0,0.5,0.0
61.0,65.0,0.0,0.433,0.0
81.0,28.0,0.0,0.467,0.0
99.0,6.0,0.0,0.0,0.0
61.0,2.0,0.333,0.0,0.0
65.0,94.0,0.0,0.1,0.0
61.0,3.0,0.417,0.0,0.0
99.0,70.0,0.417,0.0,0.0
99.0,7.0,0.5,0.0,0.0
5.0,35.0,0.5,0.0,0.0
5.0,34.0,0.75,0.0,0.0
30.0,35.0,0.5,0.0,0.0
30.0,5.0,0.75,0.0,0.0
30.0,83.0,0.333,0.0,0.0
100.0,85.0,0.0,0.276,0.0
29.0,32.0,0.0,0.43,0.0
29.0,66.0,0.0,0.476,0.0
6.0,7.0,0.25,0.0,0.0
29.0,99.0,0.0,0.476,0.0
100.0,70.0,0.0,0.024,0.0
6.0,70.0,0.083,0.0,0.0
100.0,86.0,0.0,0.226,0.0
100.0,67.0,0.0,0.038,0.0
29.0,67.0,0.0,0.413,0.0
7.0,70.0,0.667,0.0,0.0
100.0,66.0,0.0,0.024,0.0
100.0,99.0,0.0,0.024,0.0
79.0,40.0,0.0,0.363,0.0
79.0,70.0,0.0,0.012,0.0
79.0,39.0,0.0,0.113,0.0
79.0,36.0,0.0,0.288,0.0
29.0,93.0,0.0,0.476,0.0
79.0,31.0,0.0,0.458,0.0
30.0,82.0,0.5,0.0,0.0
35.0,70.0,0.5,0.0,0.0
30.0,4.0,0.5,0.0,0.0
35.0,34.0,0.5,0.0,0.0
30.0,93.0,0.25,0.0,0.0
35.0,6.0,0.333,0.0,0.0
35.0,7.0,0.667,0.0,0.0
30.0,66.0,0.167,0.0,0.0
30.0,1.0,0.667,0.0,0.0
30.0,0.0,0.667,0.0,0.0
29.0,94.0,0.0,0.309,0.0
30.0,99.0,0.167,0.0,0.0
34.0,6.0,0.583,0.0,0.0
34.0,7.0,0.417,0.0,0.0
29.0,7.0,0.0,0.476,0.0
79.0,29.0,0.0,0.463,0.0
34.0,70.0,0.25,0.0,0.0
79.0,99.0,0.0,0.012,0.0
28.0,3.0,0.625,0.0,0.0
94.0,86.0,0.0,0.083,0.0
4.0,35.0,0.75,0.0,0.0
0.0,1.0,0.75,0.0,0.0
93.0,35.0,0.5,0.0,0.0
82.0,70.0,0.25,0.0,0.0
93.0,36.0,0.0,0.3,0.0
93.0,5.0,0.5,0.0,0.0
93.0,83.0,0.5,0.0,0.0
93.0,82.0,0.5,0.0,0.0
93.0,4.0,0.75,0.0,0.0
32.0,3.0,0.0,0.455,0.0
59.0,28.0,0.0,0.478,0.0
33.0,32.0,0.542,0.0,0.0
59.0,29.0,0.0,0.454,0.0
2.0,3.0,0.688,0.0,0.0
66.0,70.0,0.479,0.0,0.0
66.0,7.0,0.562,0.0,0.0
66.0,6.0,0.188,0.0,0.0
66.0,34.0,0.167,0.0,0.0
66.0,35.0,0.417,0.0,0.0
93.0,34.0,0.25,0.0,0.0
82.0,7.0,0.417,0.0,0.0
82.0,6.0,0.583,0.0,0.0
60.0,59.0,0.5,0.0,0.0
4.0,6.0,0.583,0.0,0.0
4.0,7.0,0.667,0.0,0.0
60.0,29.0,0.0,0.454,0.0
4.0,5.0,0.75,0.0,0.0
4.0,70.0,0.5,0.0,0.0
60.0,28.0,0.0,0.478,0.0
4.0,83.0,0.583,0.0,0.0
82.0,83.0,0.583,0.0,0.0
93.0,6.0,0.5,0.0,0.0
4.0,82.0,0.75,0.0,0.0
60.0,3.0,0.0,0.478,0.0
82.0,5.0,0.75,0.0,0.0
93.0,70.0,0.25,0.0,0.0
93.0,7.0,0.5,0.0,0.0
82.0,35.0,0.5,0.0,0.0
82.0,34.0,0.5,0.0,0.0
66.0,5.0,0.354,0.0,0.0
66.0,83.0,0.188,0.0,0.0
66.0,82.0,0.354,0.0,0.0
94.0,85.0,0.0,0.133,0.0
0.0,34.0,0.667,0.0,0.0
83.0,6.0,0.75,0.0,0.0
83.0,7.0,0.25,0.0,0.0
83.0,39.0,0.0,0.125,0.0
0.0,35.0,0.417,0.0,0.0
83.0,70.0,0.083,0.0,0.0
28.0,99.0,0.0,0.5,0.0
0.0,5.0,0.667,0.0,0.0
83.0,35.0,0.333,0.0,0.0
0.0,83.0,0.25,0.0,0.0
94.0,36.0,0.0,0.133,0.0
0.0,82.0,0.417,0.0,0.0
0.0,4.0,0.417,0.0,0.0
94.0,68.0,0.0,0.033,0.0
0.0,93.0,0.25,0.0,0.0
0.0,66.0,0.312,0.0,0.0
83.0,34.0,0.333,0.0,0.0
0.0,6.0,0.5,0.0,0.0
66.0,4.0,0.604,0.0,0.0
1.0,83.0,0.5,0.0,0.0
66.0,93.0,0.438,0.0,0.0
1.0,70.0,0.167,0.0,0.0
1.0,7.0,0.5,0.0,0.0
1.0,6.0,0.75,0.0,0.0
1.0,34.0,0.667,0.0,0.0
1.0,35.0,0.417,0.0,0.0
1.0,5.0,0.917,0.0,0.0
1.0,82.0,0.667,0.0,0.0
0.0,7.0,0.75,0.0,0.0
1.0,4.0,0.667,0.0,0.0
28.0,61.0,0.417,0.0,0.0
1.0,93.0,0.5,0.0,0.0
28.0,79.0,0.0,0.488,0.0
1.0,66.0,0.437,0.0,0.0
0.0,70.0,0.417,0.0,0.0
83.0,5.0,0.583,0.0,0.0
59.0,3.0,0.0,0.478,0.0
